Merchants at BTC Map,,,,,,,,,,,
,,,,,,,,,,,
Name,Link,,,,,,,,,,
MUANZO MPYA ORGANISATION,https://btcmap.org/merchant/node:12300475666,,,,,,,,,,
BLACK AND WHITE,https://btcmap.org/merchant/node:12300467146,,,,,,,,,,
JOSEPH PUBLIC WASHROOM,https://btcmap.org/merchant/node:12300462657,,,,,,,,,,
KHEEZONIX FASHIONS AND STYLES,https://btcmap.org/merchant/node:12300462658,,,,,,,,,,
BIOGAS PUBLIC WASHROOMS,https://btcmap.org/merchant/node:12300462655,,,,,,,,,,
ABUKI DISTRIBUTORS,https://btcmap.org/merchant/node:12300462656,,,,,,,,,,
Yummytummygoodies,https://btcmap.org/merchant/node:12167701319,,,,,,,,,,
3WEST BUTCHERY,https://btcmap.org/merchant/node:12300469780,,,,,,,,,,
Kibera the Largest slum tour,https://btcmap.org/merchant/node:12300469783,,,,,,,,,,
Evalyncafeterian,https://btcmap.org/merchant/node:12700628232,,,,,,,,,,
ABEBO VEGEZ,https://btcmap.org/merchant/node:12300439008,,,,,,,,,,
MAMA NONNY SHOP,https://btcmap.org/merchant/node:12300462946,,,,,,,,,,
Domiano Fast foods,https://btcmap.org/merchant/node:12700702059,,,,,,,,,,
Wamboya,https://btcmap.org/merchant/node:12700702058,,,,,,,,,,
ACGassuppliers,https://btcmap.org/merchant/node:12700702057,,,,,,,,,,
GalaxyToilets,https://btcmap.org/merchant/node:12700702056,,,,,,,,,,
Mama Clinton Groceries,https://btcmap.org/merchant/node:12700702055,,,,,,,,,,
Fred Collections,https://btcmap.org/merchant/node:12700702054,,,,,,,,,,
Arca Tech Services,https://btcmap.org/merchant/node:12300515181,,,,,,,,,,
Maji safi,https://btcmap.org/merchant/node:12300469782,,,,,,,,,,
WERE TOURS,https://btcmap.org/merchant/node:12300462913,,,,,,,,,,
WILSON ASWETO,https://btcmap.org/merchant/node:12300443594,,,,,,,,,,
ELIJAH DRAXLER,https://btcmap.org/merchant/node:12300443592,,,,,,,,,,
MOSESO RIDES,https://btcmap.org/merchant/node:12300433274,,,,,,,,,,
CHARLIE RIDER,https://btcmap.org/merchant/node:12300433273,,,,,,,,,,
BIG BROTHER CAR WASH,https://btcmap.org/merchant/node:12300417204,,,,,,,,,,
Unique Barber Shop,https://btcmap.org/merchant/node:12254721499,,,,,,,,,,
Shiko's Ferments,https://btcmap.org/merchant/node:12281745878,,,,,,,,,,
Kosmos Solutions LTD,https://btcmap.org/merchant/node:12281743822,,,,,,,,,,
Outdoor Kids Kenya,https://btcmap.org/merchant/node:12281727715,,,,,,,,,,
Njema Safaris,https://btcmap.org/merchant/node:12280177485,,,,,,,,,,
Greencard Mtaani,https://btcmap.org/merchant/node:12255259652,,,,,,,,,,
RonnieFund,https://btcmap.org/merchant/node:12280168473,,,,,,,,,,
Obadia Nyaenda,https://btcmap.org/merchant/node:12254733210,,,,,,,,,,
Kera Transport,https://btcmap.org/merchant/node:12254728433,,,,,,,,,,
Felix,https://btcmap.org/merchant/node:12254728431,,,,,,,,,,
Mama Design,https://btcmap.org/merchant/node:12254678587,,,,,,,,,,
Calisto Enterprise,https://btcmap.org/merchant/node:12253101509,,,,,,,,,,
Kevo DS Station,https://btcmap.org/merchant/node:12254686388,,,,,,,,,,
For People Forever LTD,https://btcmap.org/merchant/node:12254728432,,,,,,,,,,
Fishpoint Eateries,https://btcmap.org/merchant/node:12254752062,,,,,,,,,,
Spira,https://btcmap.org/merchant/node:12168076295,,,,,,,,,,
Dess Gaming,https://btcmap.org/merchant/node:12165688182,,,,,,,,,,
